{

  "bert_ref_256":
  {
    "Benchmark": "bert",
    "BS": 256,
    "Hyperparams": {
      "opt_base_learning_rate": 0.00035,
      "opt_epsilon": 1e-6,
      "opt_learning_rate_training_steps": 13700,
      "num_warmup_steps": 0,
      "start_warmup_step": 0,
      "opt_lamb_beta_1": 0.9,
      "opt_lamb_beta_2": 0.999,
      "opt_lamb_weight_decay_rate": 0.01
    },
    "Epochs to converge": [
      2834944, 2508800, 2709504, 2609152, 2383360, 2308096, 2910208, 2333184, 2283008, 2935296,
      2483712, 2558976, 2709504, 2232832, 2333184, 2533888, 2709504, 2257920, 2609152, 2809856]
  },

  "bert_ref_448":
  {
    "Benchmark": "bert",
    "BS": 448,
    "Hyperparams": {
      "opt_base_learning_rate": 0.0004,
      "opt_epsilon": 1e-6,
      "opt_learning_rate_training_steps": 8103,
      "num_warmup_steps": 0,
      "start_warmup_step": 0,
      "opt_lamb_beta_1": 0.9,
      "opt_lamb_beta_2": 0.999,
      "opt_lamb_weight_decay_rate": 0.01
    },
    "Epochs to converge": [
       2558976, 2634240, 2885120, 2734592, 3010560, 2383360, 2458624, 2609152, 2558976, 2684416,
       2508800, 2458624, 2684416, 2533888, 2533888, 2784768, 2308096, 2784768, 2584064, 2809856]
  },

  "bert_ref_768":
  {
    "Benchmark": "bert",
    "BS": 768,
    "Hyperparams": {
      "opt_base_learning_rate": 0.00035,
      "opt_epsilon": 1e-6,
      "opt_learning_rate_training_steps": 8000,
      "num_warmup_steps": 420,
      "start_warmup_step": 0,
      "opt_lamb_beta_1": 0.91063,
      "opt_lamb_beta_2": 0.96497,
      "opt_lamb_weight_decay_rate": 0.01
    },
    "Epochs to converge": [
       3979008, 3598848, 3598848, 3776256, 3168000, 3370752, 3598848, 3472128, 3826944, 3472128,
       3066624, 3345408, 3269376, 3776256, 3396096, 3852288, 3294720, 4004352, 3396096, 3091968]
  },

  "bert_ref_3072":
  {
    "Benchmark": "bert",
    "BS": 3072,
    "Hyperparams": {
      "opt_base_learning_rate": 0.0015,
      "opt_epsilon": 1e-6,
      "opt_learning_rate_training_steps": 1271,
      "num_warmup_steps": 100,
      "start_warmup_step": 0,
      "opt_lamb_beta_1": 0.9,
      "opt_lamb_beta_2": 0.999,
      "opt_lamb_weight_decay_rate": 0.01
    },
    "Epochs to converge": [
       3465216, 3563520, 3489792, 3416064, 3489792, 3514368, 3760128, 3489792, 3612672, 3465216,
       3317760, 3661824, 3268608, 3563520, 3588096, 3366912, 3538944, 3489792, 3489792, 3710976]
  },

  "bert_ref_8192":
  {
    "Benchmark": "bert",
    "BS": 8192,
    "Hyperparams": {
      "opt_base_learning_rate": 0.00288,
      "opt_epsilon": 1e-6,
      "opt_learning_rate_training_steps": 600,
      "num_warmup_steps": 287,
      "start_warmup_step": -76,
      "opt_lamb_beta_1": 0.88,
      "opt_lamb_beta_2": 0.88,
      "opt_lamb_weight_decay_rate": 0.0166629
    },
    "Epochs to converge": [
       4915200, 4644864, 4644864, 4620288, 4767744, 4497408, 4521984, 4472832, 4472832, 4399104,
       4669440, 4866048, 4423680, 4792320, 4816896, 4718592, 4521984, 4620288, 4595712, 4595712]
  }

}

